,Position,Rule,Closest subsite,Distance to closest subsite (Å),Sensitivity,Specificity,Accuracy,MCC
576,287,"ALI=>AS, not ALI=>SH",1,3.275470484310233,99.88664701881659,100.0,99.89981967541573,0.9951528274240836
577,287,"not POL=>AS, POL=>SH",1,3.275470484310233,99.9773294037633,100.0,99.97996393508316,0.9990257823706828
578,287,"ALI=>AS, POL=>SH",1,3.275470484310233,99.93198821128996,100.0,99.93989180524945,0.9970845421844939
579,288,"ALI=>AS, not ALI=>SH",1,5.260996063036943,99.02516436182272,92.41379310344827,98.25686235223402,0.9150751416876344
580,288,"not POL=>AS, POL=>SH",1,5.260996063036943,99.11584674676944,92.41379310344827,98.33700661190143,0.9187467683286537
581,288,"ALI=>AS, POL=>SH",1,5.260996063036943,99.07050555429608,92.41379310344827,98.29693448206771,0.9169064286708604
606,300,"not ALI=>AS, ALI=>SH",2,4.793853529961536,98.9118113806393,91.3793103448276,98.03646563814866,0.9042670189052148
863,414,"ARO=>AS, not ARO=>SH",4,8.746146387586487,99.27454092042619,99.3103448275862,99.27870166299337,0.9659515376822332
866,415,"POS=>AS, not POS=>SH",4,3.128732980621104,99.50124688279301,100.0,99.5592065718293,0.979106678003286
867,415,"not ALI=>AS, ALI=>SH",4,3.128732980621104,99.90931761505327,100.0,99.91985574033258,0.9961174991959012
868,415,"POS=>AS, ALI=>SH",4,3.128732980621104,99.70528224892315,100.0,99.73953115608093,0.987519621803266
871,417,"ARO=>AS, not ARO=>SH",3,10.851366569237411,99.65994105644978,95.6896551724138,99.19855740332598,0.9607351905953972
933,444,"NEG=>AS, not NEG=>SH",3,2.6886042572404376,98.73044661074587,99.13793103448276,98.77780004007212,0.9437717871749032
936,446,"POS=>AS, not POS=>SH",2,3.1077503761364125,99.38789390160963,97.75862068965515,99.19855740332598,0.9614756590957082
937,446,"not ARO=>AS, ARO=>SH",2,3.1077503761364125,99.9773294037633,91.89655172413794,99.03826888399121,0.9525387305057776
938,446,"POS=>AS, ARO=>SH",2,3.1077503761364125,99.68261165268648,94.82758620689656,99.1184131436586,0.9566804189938074
