,features,mean,std
0,S287,0.19634759588415704,0.015175233502135526
1,A287,0.1766275904500276,0.01762247367910806
2,F147,0.12148220898513755,0.01786686708779368
3,L400,0.08568894713959069,0.017677614522689355
4,H414,0.09190157490236826,0.023488745945796533
5,Y147,0.0777133370388714,0.021916469391163637
6,P333,0.061411480554452016,0.016611738434507056
7,L133,0.045071485865965856,0.018693343038660198
8,D444,0.035713910626063876,0.020232229657667217
9,L415,0.032858299540679654,0.010577243847078232
10,R446,0.027446889049499306,0.01102131187018442
11,M133,0.024149346700039973,0.013009794521235393
12,L418,0.010224604077732373,0.006765066174617798
13,A356,0.007487152629009341,0.004204776061937603
14,S351,0.0016861543340866859,0.0014403514798888139
15,N448,0.00158451143166918,0.001500986026017385
16,W59,0.0007506038827730112,0.0007525521880238615
17,H446,0.0007817077254567853,0.0005716096768769373
18,M450,0.0009026064869497546,0.0004379606773764842
19,T288,0.0001699926954695072,0.0003839252542453903
