,features,mean,std
0,S287,0.19724168541826506,0.014829905747791977
1,A287,0.17581695055232527,0.01688618738326399
2,F147,0.11630163101296173,0.019149659567030353
3,L400,0.10392343186171636,0.01782413505358308
4,H414,0.08006401427471777,0.022618930548300407
5,Y147,0.0759263500115448,0.02120518619745332
6,P333,0.06461305291631325,0.016631986519884755
7,L133,0.04994697705748125,0.02013853244716954
8,D444,0.038105539231553465,0.01727820668385296
9,M133,0.028980275446017306,0.014489148699357038
10,L415,0.022772407637170873,0.007777570777709005
11,R446,0.024360483280788867,0.009378912560964493
12,L418,0.009007691746745148,0.006822469626533006
13,A356,0.006726205071704076,0.0041435592507575855
14,S351,0.0029682820982950297,0.001961857196655899
15,N448,0.0015480979938736286,0.001633729697320727
16,W59,0.0006858108853224523,0.0007512008739645107
17,T288,0.00014536584842765927,0.0003369757159672191
18,H446,0.0006852009789561795,0.0004398739340149072
19,P332,0.00018054667581944125,0.00021713877029631214
