,Position,GH13 residue,AS consensus residue,SH consensus residue,Frequency of aromatic residues in ASs (%),Frequency of aromatic residues in SHs (%),Closest subsite,Distance to closest subsite (Å),Aromatic residues conserved (>66%) in
0,147,F,F,F,99.59192926773973,100.0,-1,3.624548600694815,AS and SH
1,184,R,F,R,80.66198141011108,12.758620689655173,-1,4.953558125996408,AS
2,250,F,F,F,43.731580140557696,85.86206896551725,-1,3.494441029394712,SH
6,395,Y,Y,Y,92.45069145318521,99.82758620689654,2,4.215094100028049,AS and SH
4,331,F,F,F,99.47857628655635,99.48275862068964,3,3.516253484650212,AS and SH
7,445,Y,F,Y,89.70754930854682,96.55172413793103,3,4.454056337340616,AS and SH
5,332,Y,Y,Y,94.74042167309,95.86206896551724,5,3.705537665565065,AS and SH
3,298,Y,Y,Y,99.72795284515983,100.0,6,4.573110147279958,AS and SH
