,Position,GH13 residue,AS consensus residue,SH consensus residue,Frequency of aromatic residues in ASs (%),Frequency of aromatic residues in SHs (%),Closest subsite,Distance to closest subsite (Å),Aromatic residues conserved (>66%) in
0,147,F,Y,F,99.20652913171617,99.82758620689654,-1,3.624548600694815,AS and SH
1,187,H,H,H,99.50124688279303,100.0,-1,2.8473640868250287,AS and SH
3,250,F,F,F,99.79596463386987,100.0,-1,3.494441029394712,AS and SH
4,251,Y,N,Y,52.27839492178644,99.13793103448275,-1,5.8091662023564234,SH
7,392,H,H,H,99.79596463386987,100.0,-1,2.937401133562935,AS and SH
2,229,F,F,F,98.82112899569259,100.0,1,3.738689609663617,AS and SH
5,290,Y,F,Y,99.77329403763319,100.0,1,3.4293383380203566,AS and SH
12,436,F,F,F,99.41056449784628,100.0,1,4.023170079917709,AS and SH
13,446,H,R,H,0.022670596236681023,91.89655172413794,2,3.1077503761364125,SH
8,397,W,W,W,85.94423033325776,100.0,3,3.1716914490927413,AS and SH
9,399,V,F,V,50.555429607798686,2.413793103448276,4,3.0997505249225026,None
11,412,-,Y,-,43.414191793244164,1.896551724137931,4,5.750670790034755,None
6,332,P,H,P,33.82452958512809,0.0,5,3.705537665565065,None
10,402,H,E,H,3.4232600317388355,50.172413793103445,5,5.079245511773215,None
